seed,requested_offset_px,observed_impact_offset_px,outgoing_vx_px_per_frame,first_three_outgoing_vx,bounce_confirmed,bounce_frame,wall_or_brick_collision_exclusion,measurement_exclusion,episode_frames,agent_steps,stop_reason,score,canonical_clear,life_loss_count,direct_detection_coverage,requested_action_counts,ale_input_action_counts,sticky_resolved_action
101,-12,,,[],False,,False,bounce_not_confirmed,285,285,life_loss,1.0,False,1,0.8631578947368421,"{""LEFT"": 69, ""NOOP"": 155, ""RIGHT"": 61}","{""FIRE"": 2, ""LEFT"": 69, ""NOOP"": 153, ""RIGHT"": 61}",unknown
101,0,2.5,,"[-1.0, -1.0, -1.0]",True,67,True,wall_or_brick_collision,75,76,first_paddle_bounce_plus_8_frames,0.0,False,0,0.9605263157894737,"{""LEFT"": 20, ""NOOP"": 55}","{""FIRE"": 2, ""LEFT"": 20, ""NOOP"": 53}",unknown
101,12,2.5,,"[-1.0, -1.0, -1.0]",True,67,True,wall_or_brick_collision,75,76,first_paddle_bounce_plus_8_frames,0.0,False,0,0.9605263157894737,"{""LEFT"": 20, ""NOOP"": 55}","{""FIRE"": 2, ""LEFT"": 20, ""NOOP"": 53}",unknown
202,-12,,,[],False,,False,bounce_not_confirmed,472,472,life_loss,2.0,False,1,0.9046610169491526,"{""LEFT"": 102, ""NOOP"": 268, ""RIGHT"": 102}","{""FIRE"": 5, ""LEFT"": 102, ""NOOP"": 263, ""RIGHT"": 102}",unknown
202,0,7.5,1.0,"[1.0, 1.0, 1.0]",True,70,False,,78,79,first_paddle_bounce_plus_8_frames,0.0,False,0,0.9240506329113924,"{""LEFT"": 28, ""NOOP"": 28, ""RIGHT"": 22}","{""FIRE"": 5, ""LEFT"": 28, ""NOOP"": 23, ""RIGHT"": 22}",unknown
202,12,,,[],False,,False,bounce_not_confirmed,100,100,life_loss,0.0,False,1,0.64,"{""LEFT"": 31, ""NOOP"": 48, ""RIGHT"": 21}","{""FIRE"": 5, ""LEFT"": 31, ""NOOP"": 43, ""RIGHT"": 21}",unknown
303,-12,-2.375,-2.0,"[-2.0, -1.0, -2.0]",True,69,False,,77,78,first_paddle_bounce_plus_8_frames,0.0,False,0,0.9358974358974359,"{""NOOP"": 69, ""RIGHT"": 8}","{""FIRE"": 3, ""NOOP"": 66, ""RIGHT"": 8}",unknown
303,0,-2.375,-2.0,"[-2.0, -1.0, -2.0]",True,69,False,,77,78,first_paddle_bounce_plus_8_frames,0.0,False,0,0.9358974358974359,"{""NOOP"": 69, ""RIGHT"": 8}","{""FIRE"": 3, ""NOOP"": 66, ""RIGHT"": 8}",unknown
303,12,,,[],False,,False,bounce_not_confirmed,98,98,life_loss,0.0,False,1,0.6530612244897959,"{""LEFT"": 21, ""NOOP"": 51, ""RIGHT"": 26}","{""FIRE"": 3, ""LEFT"": 21, ""NOOP"": 48, ""RIGHT"": 26}",unknown
