seed,requested_offset_px,agent_step,observation_native_frame,ale_emulator_frame,requested_action,ale_input_action,sticky_resolved_action,raw_reward,cumulative_score,lives_remaining,ball_x,ball_y,ball_vx,ball_vy,ball_directly_detected,ball_age_frames,paddle_center_x,paddle_left,paddle_right,paddle_top,predicted_intercept_x,time_to_intercept_frames,decision_latency_ms,completion_cleared,action_applied
202,-12,1,0,1,NOOP,FIRE,unknown,0.0,0.0,5,,,,,False,,106.5,99.0,114.0,189.0,,,1.554245,False,True
202,-12,2,1,2,NOOP,FIRE,unknown,0.0,0.0,5,,,,,False,,106.5,99.0,114.0,189.0,,,1.928047,False,True
202,-12,3,2,3,NOOP,FIRE,unknown,0.0,0.0,5,,,,,False,,106.5,99.0,114.0,189.0,,,1.957612,False,True
202,-12,4,3,4,NOOP,FIRE,unknown,0.0,0.0,5,,,,,False,,106.5,99.0,114.0,189.0,,,1.754942,False,True
202,-12,5,4,5,NOOP,FIRE,unknown,0.0,0.0,5,16.5,123.5,,,True,0,106.5,99.0,114.0,189.0,,,2.053152,False,True
202,-12,6,5,6,LEFT,LEFT,unknown,0.0,0.0,5,17.5,124.5,1.0,1.0,True,0,106.5,99.0,114.0,189.0,80.0,62.5,1.978732,False,True
202,-12,7,6,7,LEFT,LEFT,unknown,0.0,0.0,5,18.5,125.5,1.0,1.0,True,0,106.5,99.0,114.0,189.0,80.0,61.5,2.210945,False,True
202,-12,8,7,8,LEFT,LEFT,unknown,0.0,0.0,5,19.5,126.5,1.0,1.0,True,0,103.5,96.0,111.0,189.0,80.0,60.5,2.2552,False,True
202,-12,9,8,9,LEFT,LEFT,unknown,0.0,0.0,5,20.5,127.5,1.0,1.0,True,0,99.5,92.0,107.0,189.0,80.0,59.5,2.053693,False,True
202,-12,10,9,10,LEFT,LEFT,unknown,0.0,0.0,5,21.5,128.5,1.0,1.0,True,0,94.5,87.0,102.0,189.0,80.0,58.5,2.493252,False,True
202,-12,11,10,11,NOOP,NOOP,unknown,0.0,0.0,5,22.5,129.5,1.0,1.0,True,0,88.5,81.0,96.0,189.0,80.0,57.5,2.071399,False,True
202,-12,12,11,12,RIGHT,RIGHT,unknown,0.0,0.0,5,23.5,130.5,1.0,1.0,True,0,83.5,76.0,91.0,189.0,80.0,56.5,1.964421,False,True
202,-12,13,12,13,RIGHT,RIGHT,unknown,0.0,0.0,5,24.5,131.5,1.0,1.0,True,0,81.5,74.0,89.0,189.0,80.0,55.5,1.932504,False,True
202,-12,14,13,14,RIGHT,RIGHT,unknown,0.0,0.0,5,25.5,132.5,1.0,1.0,True,0,82.5,75.0,90.0,189.0,80.0,54.5,2.019642,False,True
202,-12,15,14,15,RIGHT,RIGHT,unknown,0.0,0.0,5,26.5,133.5,1.0,1.0,True,0,85.5,78.0,93.0,189.0,80.0,53.5,1.979574,False,True
202,-12,16,15,16,NOOP,NOOP,unknown,0.0,0.0,5,27.5,134.5,1.0,1.0,True,0,90.5,83.0,98.0,189.0,80.0,52.5,1.911313,False,True
202,-12,17,16,17,NOOP,NOOP,unknown,0.0,0.0,5,28.5,135.5,1.0,1.0,True,0,95.5,88.0,103.0,189.0,80.0,51.5,2.004711,False,True
202,-12,18,17,18,LEFT,LEFT,unknown,0.0,0.0,5,29.5,136.5,1.0,1.0,True,0,98.5,91.0,106.0,189.0,80.0,50.5,2.007244,False,True
202,-12,19,18,19,LEFT,LEFT,unknown,0.0,0.0,5,30.5,137.5,1.0,1.0,True,0,99.5,92.0,107.0,189.0,80.0,49.5,2.009938,False,True
202,-12,20,19,20,LEFT,LEFT,unknown,0.0,0.0,5,31.5,138.5,1.0,1.0,True,0,100.5,93.0,108.0,189.0,80.0,48.5,2.149504,False,True
202,-12,21,20,21,LEFT,LEFT,unknown,0.0,0.0,5,32.5,139.5,1.0,1.0,True,0,100.5,93.0,108.0,189.0,80.0,47.5,2.133621,False,True
202,-12,22,21,22,LEFT,LEFT,unknown,0.0,0.0,5,33.5,140.5,1.0,1.0,True,0,97.5,90.0,105.0,189.0,80.0,46.5,2.011821,False,True
202,-12,23,22,23,NOOP,NOOP,unknown,0.0,0.0,5,34.5,141.5,1.0,1.0,True,0,93.5,86.0,101.0,189.0,80.0,45.5,2.121073,False,True
202,-12,24,23,24,NOOP,NOOP,unknown,0.0,0.0,5,35.5,142.5,1.0,1.0,True,0,88.5,81.0,96.0,189.0,80.0,44.5,1.887328,False,True
202,-12,25,24,25,RIGHT,RIGHT,unknown,0.0,0.0,5,36.5,143.5,1.0,1.0,True,0,85.5,78.0,93.0,189.0,80.0,43.5,1.914417,False,True
202,-12,26,25,26,RIGHT,RIGHT,unknown,0.0,0.0,5,37.5,144.5,1.0,1.0,True,0,84.5,77.0,92.0,189.0,80.0,42.5,1.928488,False,True
202,-12,27,26,27,RIGHT,RIGHT,unknown,0.0,0.0,5,38.5,145.5,1.0,1.0,True,0,86.5,79.0,94.0,189.0,80.0,41.5,1.982137,False,True
202,-12,28,27,28,NOOP,NOOP,unknown,0.0,0.0,5,39.5,146.5,1.0,1.0,True,0,90.5,83.0,98.0,189.0,80.0,40.5,2.094163,False,True
202,-12,29,28,29,NOOP,NOOP,unknown,0.0,0.0,5,40.5,147.5,1.0,1.0,True,0,95.5,88.0,103.0,189.0,80.0,39.5,2.022978,False,True
202,-12,30,29,30,LEFT,LEFT,unknown,0.0,0.0,5,41.5,148.5,1.0,1.0,True,0,98.5,91.0,106.0,189.0,80.0,38.5,2.359545,False,True
202,-12,31,30,31,LEFT,LEFT,unknown,0.0,0.0,5,42.5,149.5,1.0,1.0,True,0,99.5,92.0,107.0,189.0,80.0,37.5,2.033113,False,True
202,-12,32,31,32,LEFT,LEFT,unknown,0.0,0.0,5,43.5,150.5,1.0,1.0,True,0,100.5,93.0,108.0,189.0,80.0,36.5,2.161482,False,True
202,-12,33,32,33,LEFT,LEFT,unknown,0.0,0.0,5,44.5,151.5,1.0,1.0,True,0,97.5,90.0,105.0,189.0,80.0,35.5,2.450669,False,True
202,-12,34,33,34,NOOP,NOOP,unknown,0.0,0.0,5,45.5,152.5,1.0,1.0,True,0,93.5,86.0,101.0,189.0,80.0,34.5,2.108604,False,True
202,-12,35,34,35,NOOP,NOOP,unknown,0.0,0.0,5,46.5,153.5,1.0,1.0,True,0,88.5,81.0,96.0,189.0,80.0,33.5,1.90256,False,True
202,-12,36,35,36,RIGHT,RIGHT,unknown,0.0,0.0,5,47.5,154.5,1.0,1.0,True,0,85.5,78.0,93.0,189.0,80.0,32.5,1.953084,False,True
202,-12,37,36,37,RIGHT,RIGHT,unknown,0.0,0.0,5,48.5,155.5,1.0,1.0,True,0,84.5,77.0,92.0,189.0,80.0,31.5,2.019903,False,True
202,-12,38,37,38,RIGHT,RIGHT,unknown,0.0,0.0,5,49.5,156.5,1.0,1.0,True,0,86.5,79.0,94.0,189.0,80.0,30.5,2.041545,False,True
202,-12,39,38,39,NOOP,NOOP,unknown,0.0,0.0,5,50.5,157.5,1.0,1.0,True,0,90.5,83.0,98.0,189.0,80.0,29.5,2.211276,False,True
202,-12,40,39,40,NOOP,NOOP,unknown,0.0,0.0,5,51.5,158.5,1.0,1.0,True,0,95.5,88.0,103.0,189.0,80.0,28.5,2.015617,False,True
202,-12,41,40,41,LEFT,LEFT,unknown,0.0,0.0,5,52.5,159.5,1.0,1.0,True,0,98.5,91.0,106.0,189.0,80.0,27.5,2.085991,False,True
202,-12,42,41,42,LEFT,LEFT,unknown,0.0,0.0,5,53.5,160.5,1.0,1.0,True,0,99.5,92.0,107.0,189.0,80.0,26.5,2.032232,False,True
202,-12,43,42,43,LEFT,LEFT,unknown,0.0,0.0,5,54.5,161.5,1.0,1.0,True,0,97.5,90.0,105.0,189.0,80.0,25.5,2.012682,False,True
202,-12,44,43,44,NOOP,NOOP,unknown,0.0,0.0,5,55.5,162.5,1.0,1.0,True,0,93.5,86.0,101.0,189.0,80.0,24.5,1.919105,False,True
202,-12,45,44,45,NOOP,NOOP,unknown,0.0,0.0,5,56.5,163.5,1.0,1.0,True,0,88.5,81.0,96.0,189.0,80.0,23.5,1.905053,False,True
202,-12,46,45,46,RIGHT,RIGHT,unknown,0.0,0.0,5,57.5,164.5,1.0,1.0,True,0,83.5,76.0,91.0,189.0,80.0,22.5,1.894417,False,True
202,-12,47,46,47,RIGHT,RIGHT,unknown,0.0,0.0,5,58.5,165.5,1.0,1.0,True,0,81.5,74.0,89.0,189.0,80.0,21.5,2.043377,False,True
202,-12,48,47,48,RIGHT,RIGHT,unknown,0.0,0.0,5,59.5,166.5,1.0,1.0,True,0,82.5,75.0,90.0,189.0,80.0,20.5,2.046763,False,True
202,-12,49,48,49,RIGHT,RIGHT,unknown,0.0,0.0,5,60.5,167.5,1.0,1.0,True,0,85.5,78.0,93.0,189.0,80.0,19.5,2.224636,False,True
202,-12,50,49,50,NOOP,NOOP,unknown,0.0,0.0,5,61.5,168.5,1.0,1.0,True,0,90.5,83.0,98.0,189.0,80.0,18.5,1.995097,False,True
202,-12,51,50,51,NOOP,NOOP,unknown,0.0,0.0,5,62.5,169.5,1.0,1.0,True,0,95.5,88.0,103.0,189.0,80.0,17.5,1.961186,False,True
202,-12,52,51,52,LEFT,LEFT,unknown,0.0,0.0,5,63.5,170.5,1.0,1.0,True,0,101.5,94.0,109.0,189.0,80.0,16.5,2.219117,False,True
202,-12,53,52,53,LEFT,LEFT,unknown,0.0,0.0,5,64.5,171.5,1.0,1.0,True,0,104.5,97.0,112.0,189.0,80.0,15.5,2.056457,False,True
202,-12,54,53,54,LEFT,LEFT,unknown,0.0,0.0,5,65.5,172.5,1.0,1.0,True,0,105.5,98.0,113.0,189.0,80.0,14.5,1.867338,False,True
202,-12,55,54,55,LEFT,LEFT,unknown,0.0,0.0,5,66.5,173.5,1.0,1.0,True,0,103.5,96.0,111.0,189.0,80.0,13.5,2.45076,False,True
202,-12,56,55,56,LEFT,LEFT,unknown,0.0,0.0,5,67.5,174.5,1.0,1.0,True,0,99.5,92.0,107.0,189.0,80.0,12.5,2.145239,False,True
202,-12,57,56,57,LEFT,LEFT,unknown,0.0,0.0,5,68.5,175.5,1.0,1.0,True,0,94.5,87.0,102.0,189.0,80.0,11.5,1.977321,False,True
202,-12,58,57,58,NOOP,NOOP,unknown,0.0,0.0,5,69.5,176.5,1.0,1.0,True,0,88.5,81.0,96.0,189.0,80.0,10.5,2.208913,False,True
202,-12,59,58,59,RIGHT,RIGHT,unknown,0.0,0.0,5,70.5,177.5,1.0,1.0,True,0,83.5,76.0,91.0,189.0,80.0,9.5,2.043327,False,True
202,-12,60,59,60,RIGHT,RIGHT,unknown,0.0,0.0,5,71.5,178.5,1.0,1.0,True,0,81.5,74.0,89.0,189.0,80.0,8.5,2.10585,False,True
202,-12,61,60,61,RIGHT,RIGHT,unknown,0.0,0.0,5,72.5,179.5,1.0,1.0,True,0,82.5,75.0,90.0,189.0,80.0,7.5,2.103777,False,True
202,-12,62,61,62,RIGHT,RIGHT,unknown,0.0,0.0,5,73.5,180.5,1.0,1.0,True,0,85.5,78.0,93.0,189.0,80.0,6.5,2.188031,False,True
202,-12,63,62,63,NOOP,NOOP,unknown,0.0,0.0,5,74.5,181.5,1.0,1.0,True,0,90.5,83.0,98.0,189.0,80.0,5.5,2.082496,False,True
202,-12,64,63,64,NOOP,NOOP,unknown,0.0,0.0,5,75.5,182.5,1.0,1.0,True,0,95.5,88.0,103.0,189.0,80.0,4.5,2.410079,False,True
202,-12,65,64,65,LEFT,LEFT,unknown,0.0,0.0,5,76.5,183.5,1.0,1.0,True,0,98.5,91.0,106.0,189.0,80.0,3.5,2.363481,False,True
202,-12,66,65,66,LEFT,LEFT,unknown,0.0,0.0,5,77.5,184.5,1.0,1.0,True,0,99.5,92.0,107.0,189.0,80.0,2.5,2.233108,False,True
202,-12,67,66,67,LEFT,LEFT,unknown,0.0,0.0,5,78.5,185.5,1.0,1.0,True,0,97.5,90.0,105.0,189.0,80.0,1.5,2.164076,False,True
202,-12,68,67,68,NOOP,NOOP,unknown,0.0,0.0,5,79.5,186.5,1.0,1.0,True,0,93.5,86.0,101.0,189.0,80.0,0.5,2.074183,False,True
202,-12,69,68,69,NOOP,NOOP,unknown,0.0,0.0,5,80.5,187.5,1.0,1.0,False,1,87.70422535211267,80.0,96.0,186.0,,,2.208752,False,True
202,-12,70,69,70,NOOP,NOOP,unknown,0.0,0.0,5,81.5,188.5,1.0,1.0,False,2,84.72222222222223,78.0,93.0,185.0,,,2.144097,False,True
202,-12,71,70,71,NOOP,NOOP,unknown,0.0,0.0,5,77.5,185.5,-0.6666666666666666,-0.3333333333333333,True,0,84.5,77.0,92.0,189.0,,,1.984641,False,True
202,-12,72,71,72,NOOP,NOOP,unknown,0.0,0.0,5,75.5,184.5,-2.0,-1.0,True,0,83.5,76.0,91.0,189.0,,,2.265386,False,True
202,-12,73,72,73,NOOP,NOOP,unknown,0.0,0.0,5,74.5,183.5,-1.0,-1.0,True,0,83.5,76.0,91.0,189.0,,,2.095816,False,True
202,-12,74,73,74,NOOP,NOOP,unknown,0.0,0.0,5,72.5,182.5,-2.0,-1.0,True,0,83.5,76.0,91.0,189.0,,,1.901027,False,True
202,-12,75,74,75,NOOP,NOOP,unknown,0.0,0.0,5,71.5,181.5,-1.0,-1.0,True,0,83.5,76.0,91.0,189.0,,,2.179519,False,True
202,-12,76,75,76,NOOP,NOOP,unknown,0.0,0.0,5,69.5,180.5,-2.0,-1.0,True,0,83.5,76.0,91.0,189.0,,,2.033513,False,True
202,-12,77,76,77,NOOP,NOOP,unknown,0.0,0.0,5,68.5,179.5,-1.0,-1.0,True,0,83.5,76.0,91.0,189.0,,,2.413724,False,True
202,-12,78,77,78,NOOP,NOOP,unknown,0.0,0.0,5,66.5,178.5,-2.0,-1.0,True,0,83.5,76.0,91.0,189.0,,,2.037248,False,True
202,-12,79,78,79,NOOP,NOOP,unknown,0.0,0.0,5,65.5,177.5,-1.0,-1.0,True,0,83.5,76.0,91.0,189.0,,,2.009538,False,True
202,-12,80,79,80,NOOP,NOOP,unknown,0.0,0.0,5,63.5,176.5,-2.0,-1.0,True,0,83.5,76.0,91.0,189.0,,,2.453684,False,True
202,-12,81,80,81,NOOP,NOOP,unknown,0.0,0.0,5,62.5,175.5,-1.0,-1.0,True,0,83.5,76.0,91.0,189.0,,,2.075656,False,True
202,-12,82,81,82,NOOP,NOOP,unknown,0.0,0.0,5,60.5,174.5,-2.0,-1.0,True,0,83.5,76.0,91.0,189.0,,,2.068404,False,True
202,-12,83,82,83,NOOP,NOOP,unknown,0.0,0.0,5,59.5,173.5,-1.0,-1.0,True,0,83.5,76.0,91.0,189.0,,,2.116465,False,True
202,-12,84,83,84,NOOP,NOOP,unknown,0.0,0.0,5,57.5,172.5,-2.0,-1.0,True,0,83.5,76.0,91.0,189.0,,,2.406284,False,True
202,-12,85,84,85,NOOP,NOOP,unknown,0.0,0.0,5,56.5,171.5,-1.0,-1.0,True,0,83.5,76.0,91.0,189.0,,,2.377001,False,True
202,-12,86,85,86,NOOP,NOOP,unknown,0.0,0.0,5,54.5,170.5,-2.0,-1.0,True,0,83.5,76.0,91.0,189.0,,,1.972653,False,True
202,-12,87,86,87,NOOP,NOOP,unknown,0.0,0.0,5,53.5,169.5,-1.0,-1.0,True,0,83.5,76.0,91.0,189.0,,,2.32905,False,True
202,-12,88,87,88,NOOP,NOOP,unknown,0.0,0.0,5,51.5,168.5,-2.0,-1.0,True,0,83.5,76.0,91.0,189.0,,,1.896,False,True
202,-12,89,88,89,NOOP,NOOP,unknown,0.0,0.0,5,50.5,167.5,-1.0,-1.0,True,0,83.5,76.0,91.0,189.0,,,2.258756,False,True
202,-12,90,89,90,NOOP,NOOP,unknown,0.0,0.0,5,48.5,166.5,-2.0,-1.0,True,0,83.5,76.0,91.0,189.0,,,2.311934,False,True
202,-12,91,90,91,NOOP,NOOP,unknown,0.0,0.0,5,47.5,165.5,-1.0,-1.0,True,0,83.5,76.0,91.0,189.0,,,1.985954,False,True
202,-12,92,91,92,NOOP,NOOP,unknown,0.0,0.0,5,45.5,164.5,-2.0,-1.0,True,0,83.5,76.0,91.0,189.0,,,2.178969,False,True
202,-12,93,92,93,NOOP,NOOP,unknown,0.0,0.0,5,44.5,163.5,-1.0,-1.0,True,0,83.5,76.0,91.0,189.0,,,2.037659,False,True
202,-12,94,93,94,NOOP,NOOP,unknown,0.0,0.0,5,42.5,162.5,-2.0,-1.0,True,0,83.5,76.0,91.0,189.0,,,2.361959,False,True
202,-12,95,94,95,NOOP,NOOP,unknown,0.0,0.0,5,41.5,161.5,-1.0,-1.0,True,0,83.5,76.0,91.0,189.0,,,2.1397,False,True
202,-12,96,95,96,NOOP,NOOP,unknown,0.0,0.0,5,39.5,160.5,-2.0,-1.0,True,0,83.5,76.0,91.0,189.0,,,2.302431,False,True
202,-12,97,96,97,NOOP,NOOP,unknown,0.0,0.0,5,38.5,159.5,-1.0,-1.0,True,0,83.5,76.0,91.0,189.0,,,2.529796,False,True
202,-12,98,97,98,NOOP,NOOP,unknown,0.0,0.0,5,36.5,158.5,-2.0,-1.0,True,0,83.5,76.0,91.0,189.0,,,3.281816,False,True
202,-12,99,98,99,NOOP,NOOP,unknown,0.0,0.0,5,35.5,157.5,-1.0,-1.0,True,0,83.5,76.0,91.0,189.0,,,2.193649,False,True
202,-12,100,99,100,NOOP,NOOP,unknown,0.0,0.0,5,33.5,156.5,-2.0,-1.0,True,0,83.5,76.0,91.0,189.0,,,2.262791,False,True
202,-12,101,100,101,NOOP,NOOP,unknown,0.0,0.0,5,32.5,155.5,-1.0,-1.0,True,0,83.5,76.0,91.0,189.0,,,2.043058,False,True
202,-12,102,101,102,NOOP,NOOP,unknown,0.0,0.0,5,30.5,154.5,-2.0,-1.0,True,0,83.5,76.0,91.0,189.0,,,2.093452,False,True
202,-12,103,102,103,NOOP,NOOP,unknown,0.0,0.0,5,29.5,153.5,-1.0,-1.0,True,0,83.5,76.0,91.0,189.0,,,2.154582,False,True
202,-12,104,103,104,NOOP,NOOP,unknown,0.0,0.0,5,27.5,152.5,-2.0,-1.0,True,0,83.5,76.0,91.0,189.0,,,2.196805,False,True
202,-12,105,104,105,NOOP,NOOP,unknown,0.0,0.0,5,26.5,151.5,-1.0,-1.0,True,0,83.5,76.0,91.0,189.0,,,2.150817,False,True
202,-12,106,105,106,NOOP,NOOP,unknown,0.0,0.0,5,24.5,150.5,-2.0,-1.0,True,0,83.5,76.0,91.0,189.0,,,2.324333,False,True
202,-12,107,106,107,NOOP,NOOP,unknown,0.0,0.0,5,23.5,149.5,-1.0,-1.0,True,0,83.5,76.0,91.0,189.0,,,2.501704,False,True
202,-12,108,107,108,NOOP,NOOP,unknown,0.0,0.0,5,21.5,148.5,-2.0,-1.0,True,0,83.5,76.0,91.0,189.0,,,2.411641,False,True
202,-12,109,108,109,NOOP,NOOP,unknown,0.0,0.0,5,20.5,147.5,-1.0,-1.0,True,0,83.5,76.0,91.0,189.0,,,2.135033,False,True
202,-12,110,109,110,NOOP,NOOP,unknown,0.0,0.0,5,18.5,146.5,-2.0,-1.0,True,0,83.5,76.0,91.0,189.0,,,2.113992,False,True
202,-12,111,110,111,NOOP,NOOP,unknown,0.0,0.0,5,17.5,145.5,-1.0,-1.0,True,0,83.5,76.0,91.0,189.0,,,2.331663,False,True
202,-12,112,111,112,NOOP,NOOP,unknown,0.0,0.0,5,15.5,144.5,-2.0,-1.0,True,0,83.5,76.0,91.0,189.0,,,2.274378,False,True
202,-12,113,112,113,NOOP,NOOP,unknown,0.0,0.0,5,14.5,143.5,-1.0,-1.0,True,0,83.5,76.0,91.0,189.0,,,2.534583,False,True
202,-12,114,113,114,NOOP,NOOP,unknown,0.0,0.0,5,12.5,142.5,-2.0,-1.0,True,0,83.5,76.0,91.0,189.0,,,2.226999,False,True
202,-12,115,114,115,NOOP,NOOP,unknown,0.0,0.0,5,11.5,141.5,-1.0,-1.0,True,0,83.5,76.0,91.0,189.0,,,2.964087,False,True
202,-12,116,115,116,NOOP,NOOP,unknown,0.0,0.0,5,9.5,140.5,-2.0,-1.0,True,0,83.5,76.0,91.0,189.0,,,2.305364,False,True
202,-12,117,116,117,NOOP,NOOP,unknown,0.0,0.0,5,8.5,139.5,-1.0,-1.0,True,0,83.5,76.0,91.0,189.0,,,2.025211,False,True
202,-12,118,117,118,NOOP,NOOP,unknown,0.0,0.0,5,12.5,138.5,-1.0,-1.0,False,1,83.5,76.0,91.0,189.0,,,2.272216,False,True
202,-12,119,118,119,NOOP,NOOP,unknown,0.0,0.0,5,8.5,137.5,-1.0,-1.0,True,0,83.5,76.0,91.0,189.0,,,2.34938,False,True
202,-12,120,119,120,NOOP,NOOP,unknown,0.0,0.0,5,9.5,136.5,1.0,-1.0,True,0,83.5,76.0,91.0,189.0,,,2.330943,False,True
202,-12,121,120,121,NOOP,NOOP,unknown,0.0,0.0,5,11.5,135.5,2.0,-1.0,True,0,83.5,76.0,91.0,189.0,,,2.324793,False,True
202,-12,122,121,122,NOOP,NOOP,unknown,0.0,0.0,5,12.5,134.5,1.0,-1.0,True,0,83.5,76.0,91.0,189.0,,,2.095394,False,True
202,-12,123,122,123,NOOP,NOOP,unknown,0.0,0.0,5,14.5,133.5,2.0,-1.0,True,0,83.5,76.0,91.0,189.0,,,2.224506,False,True
202,-12,124,123,124,NOOP,NOOP,unknown,0.0,0.0,5,15.5,132.5,1.0,-1.0,True,0,83.5,76.0,91.0,189.0,,,2.97908,False,True
202,-12,125,124,125,NOOP,NOOP,unknown,0.0,0.0,5,17.5,131.5,2.0,-1.0,True,0,83.5,76.0,91.0,189.0,,,2.173901,False,True
202,-12,126,125,126,NOOP,NOOP,unknown,0.0,0.0,5,18.5,130.5,1.0,-1.0,True,0,83.5,76.0,91.0,189.0,,,2.211416,False,True
202,-12,127,126,127,NOOP,NOOP,unknown,0.0,0.0,5,20.5,129.5,2.0,-1.0,True,0,83.5,76.0,91.0,189.0,,,2.093722,False,True
202,-12,128,127,128,NOOP,NOOP,unknown,0.0,0.0,5,21.5,128.5,1.0,-1.0,True,0,83.5,76.0,91.0,189.0,,,2.226508,False,True
202,-12,129,128,129,NOOP,NOOP,unknown,0.0,0.0,5,23.5,127.5,2.0,-1.0,True,0,83.5,76.0,91.0,189.0,,,2.320697,False,True
202,-12,130,129,130,NOOP,NOOP,unknown,0.0,0.0,5,24.5,126.5,1.0,-1.0,True,0,83.5,76.0,91.0,189.0,,,2.265045,False,True
202,-12,131,130,131,NOOP,NOOP,unknown,0.0,0.0,5,26.5,125.5,2.0,-1.0,True,0,83.5,76.0,91.0,189.0,,,2.116977,False,True
202,-12,132,131,132,NOOP,NOOP,unknown,0.0,0.0,5,27.5,124.5,1.0,-1.0,True,0,83.5,76.0,91.0,189.0,,,2.266136,False,True
202,-12,133,132,133,NOOP,NOOP,unknown,0.0,0.0,5,29.5,123.5,2.0,-1.0,True,0,83.5,76.0,91.0,189.0,,,2.07889,False,True
202,-12,134,133,134,NOOP,NOOP,unknown,0.0,0.0,5,30.5,122.5,1.0,-1.0,True,0,83.5,76.0,91.0,189.0,,,2.127042,False,True
202,-12,135,134,135,NOOP,NOOP,unknown,0.0,0.0,5,32.5,121.5,2.0,-1.0,True,0,83.5,76.0,91.0,189.0,,,2.087142,False,True
202,-12,136,135,136,NOOP,NOOP,unknown,0.0,0.0,5,33.5,120.5,1.0,-1.0,True,0,83.5,76.0,91.0,189.0,,,2.070669,False,True
202,-12,137,136,137,NOOP,NOOP,unknown,0.0,0.0,5,35.5,119.5,2.0,-1.0,True,0,83.5,76.0,91.0,189.0,,,2.43747,False,True
202,-12,138,137,138,NOOP,NOOP,unknown,0.0,0.0,5,36.5,118.5,1.0,-1.0,True,0,83.5,76.0,91.0,189.0,,,2.11945,False,True
202,-12,139,138,139,NOOP,NOOP,unknown,0.0,0.0,5,38.5,117.5,2.0,-1.0,True,0,83.5,76.0,91.0,189.0,,,2.050307,False,True
202,-12,140,139,140,NOOP,NOOP,unknown,0.0,0.0,5,39.5,116.5,1.0,-1.0,True,0,83.5,76.0,91.0,189.0,,,1.985583,False,True
202,-12,141,140,141,NOOP,NOOP,unknown,0.0,0.0,5,41.5,115.5,2.0,-1.0,True,0,83.5,76.0,91.0,189.0,,,1.922539,False,True
202,-12,142,141,142,NOOP,NOOP,unknown,0.0,0.0,5,42.5,114.5,1.0,-1.0,True,0,83.5,76.0,91.0,189.0,,,1.969699,False,True
202,-12,143,142,143,NOOP,NOOP,unknown,0.0,0.0,5,44.5,113.5,2.0,-1.0,True,0,83.5,76.0,91.0,189.0,,,2.129405,False,True
202,-12,144,143,144,NOOP,NOOP,unknown,0.0,0.0,5,45.5,112.5,1.0,-1.0,True,0,83.5,76.0,91.0,189.0,,,2.323452,False,True
202,-12,145,144,145,NOOP,NOOP,unknown,0.0,0.0,5,47.5,111.5,2.0,-1.0,True,0,83.5,76.0,91.0,189.0,,,2.068895,False,True
202,-12,146,145,146,NOOP,NOOP,unknown,0.0,0.0,5,48.5,110.5,1.0,-1.0,True,0,83.5,76.0,91.0,189.0,,,2.258115,False,True
202,-12,147,146,147,NOOP,NOOP,unknown,0.0,0.0,5,50.5,109.5,2.0,-1.0,True,0,83.5,76.0,91.0,189.0,,,2.147822,False,True
202,-12,148,147,148,NOOP,NOOP,unknown,0.0,0.0,5,51.5,108.5,1.0,-1.0,True,0,83.5,76.0,91.0,189.0,,,2.146089,False,True
202,-12,149,148,149,NOOP,NOOP,unknown,0.0,0.0,5,53.5,107.5,2.0,-1.0,True,0,83.5,76.0,91.0,189.0,,,2.113802,False,True
202,-12,150,149,150,NOOP,NOOP,unknown,0.0,0.0,5,54.5,106.5,1.0,-1.0,True,0,83.5,76.0,91.0,189.0,,,2.072281,False,True
202,-12,151,150,151,NOOP,NOOP,unknown,0.0,0.0,5,56.5,105.5,2.0,-1.0,True,0,83.5,76.0,91.0,189.0,,,2.129726,False,True
202,-12,152,151,152,NOOP,NOOP,unknown,0.0,0.0,5,57.5,104.5,1.0,-1.0,True,0,83.5,76.0,91.0,189.0,,,2.346365,False,True
202,-12,153,152,153,NOOP,NOOP,unknown,0.0,0.0,5,59.5,103.5,2.0,-1.0,True,0,83.5,76.0,91.0,189.0,,,2.056247,False,True
202,-12,154,153,154,NOOP,NOOP,unknown,0.0,0.0,5,60.5,102.5,1.0,-1.0,True,0,83.5,76.0,91.0,189.0,,,2.677705,False,True
202,-12,155,154,155,NOOP,NOOP,unknown,0.0,0.0,5,62.5,101.5,2.0,-1.0,True,0,83.5,76.0,91.0,189.0,,,2.108063,False,True
202,-12,156,155,156,NOOP,NOOP,unknown,0.0,0.0,5,63.5,100.5,1.0,-1.0,True,0,83.5,76.0,91.0,189.0,,,2.064629,False,True
202,-12,157,156,157,NOOP,NOOP,unknown,0.0,0.0,5,65.5,99.5,2.0,-1.0,True,0,83.5,76.0,91.0,189.0,,,2.368027,False,True
202,-12,158,157,158,NOOP,NOOP,unknown,0.0,0.0,5,66.5,98.5,1.0,-1.0,True,0,83.5,76.0,91.0,189.0,,,2.19375,False,True
202,-12,159,158,159,NOOP,NOOP,unknown,0.0,0.0,5,68.5,97.5,2.0,-1.0,True,0,83.5,76.0,91.0,189.0,,,2.454805,False,True
202,-12,160,159,160,NOOP,NOOP,unknown,0.0,0.0,5,69.5,96.5,1.0,-1.0,True,0,83.5,76.0,91.0,189.0,,,2.155343,False,True
202,-12,161,160,161,NOOP,NOOP,unknown,0.0,0.0,5,71.5,95.5,2.0,-1.0,True,0,83.5,76.0,91.0,189.0,,,2.448617,False,True
202,-12,162,161,162,NOOP,NOOP,unknown,1.0,1.0,5,72.5,94.5,1.0,-1.0,True,0,83.5,76.0,91.0,189.0,,,2.107813,False,True
202,-12,163,162,163,LEFT,LEFT,unknown,0.0,1.0,5,74.5,95.5,2.0,1.0,True,0,83.5,76.0,91.0,189.0,40.5,91.5,2.069276,False,True
202,-12,164,163,164,RIGHT,RIGHT,unknown,0.0,1.0,5,75.5,96.5,1.0,1.0,True,0,83.5,76.0,91.0,189.0,132.0,90.5,2.052251,False,True
202,-12,165,164,165,LEFT,LEFT,unknown,0.0,1.0,5,77.5,97.5,2.0,1.0,True,0,81.5,74.0,89.0,189.0,41.5,89.5,2.197075,False,True
202,-12,166,165,166,RIGHT,RIGHT,unknown,0.0,1.0,5,78.5,98.5,1.0,1.0,True,0,77.5,70.0,85.0,189.0,131.0,88.5,2.061816,False,True
202,-12,167,166,167,LEFT,LEFT,unknown,0.0,1.0,5,80.5,99.5,2.0,1.0,True,0,72.5,65.0,80.0,189.0,42.5,87.5,2.005151,False,True
202,-12,168,167,168,RIGHT,RIGHT,unknown,0.0,1.0,5,81.5,100.5,1.0,1.0,True,0,72.5,65.0,80.0,189.0,130.0,86.5,1.869261,False,True
202,-12,169,168,169,LEFT,LEFT,unknown,0.0,1.0,5,83.5,101.5,2.0,1.0,True,0,69.5,62.0,77.0,189.0,43.5,85.5,1.955237,False,True
202,-12,170,169,170,RIGHT,RIGHT,unknown,0.0,1.0,5,84.5,102.5,1.0,1.0,True,0,71.5,64.0,79.0,189.0,129.0,84.5,2.179149,False,True
202,-12,171,170,171,LEFT,LEFT,unknown,0.0,1.0,5,86.5,103.5,2.0,1.0,True,0,69.5,62.0,77.0,189.0,44.5,83.5,2.341198,False,True
202,-12,172,171,172,RIGHT,RIGHT,unknown,0.0,1.0,5,87.5,104.5,1.0,1.0,True,0,65.5,58.0,73.0,189.0,128.0,82.5,2.061575,False,True
202,-12,173,172,173,NOOP,NOOP,unknown,0.0,1.0,5,89.5,105.5,2.0,1.0,True,0,60.5,53.0,68.0,189.0,45.5,81.5,2.397841,False,True
202,-12,174,173,174,RIGHT,RIGHT,unknown,0.0,1.0,5,90.5,106.5,1.0,1.0,True,0,54.5,47.0,62.0,189.0,127.0,80.5,1.912926,False,True
202,-12,175,174,175,RIGHT,RIGHT,unknown,0.0,1.0,5,92.5,107.5,2.0,1.0,True,0,51.5,44.0,59.0,189.0,46.5,79.5,1.954356,False,True
202,-12,176,175,176,RIGHT,RIGHT,unknown,0.0,1.0,5,93.5,108.5,1.0,1.0,True,0,53.5,46.0,61.0,189.0,126.0,78.5,1.979553,False,True
202,-12,177,176,177,NOOP,NOOP,unknown,0.0,1.0,5,95.5,109.5,2.0,1.0,True,0,57.5,50.0,65.0,189.0,47.5,77.5,2.12586,False,True
202,-12,178,177,178,RIGHT,RIGHT,unknown,0.0,1.0,5,96.5,110.5,1.0,1.0,True,0,62.5,55.0,70.0,189.0,125.0,76.5,1.97753,False,True
202,-12,179,178,179,LEFT,LEFT,unknown,0.0,1.0,5,98.5,111.5,2.0,1.0,True,0,64.5,57.0,72.0,189.0,48.5,75.5,2.190735,False,True
202,-12,180,179,180,RIGHT,RIGHT,unknown,0.0,1.0,5,99.5,112.5,1.0,1.0,True,0,68.5,61.0,76.0,189.0,124.0,74.5,2.146039,False,True
202,-12,181,180,181,LEFT,LEFT,unknown,0.0,1.0,5,101.5,113.5,2.0,1.0,True,0,67.5,60.0,75.0,189.0,49.5,73.5,1.920767,False,True
202,-12,182,181,182,RIGHT,RIGHT,unknown,0.0,1.0,5,102.5,114.5,1.0,1.0,True,0,70.5,63.0,78.0,189.0,123.0,72.5,1.961106,False,True
202,-12,183,182,183,LEFT,LEFT,unknown,0.0,1.0,5,104.5,115.5,2.0,1.0,True,0,68.5,61.0,76.0,189.0,50.5,71.5,2.106751,False,True
202,-12,184,183,184,RIGHT,RIGHT,unknown,0.0,1.0,5,105.5,116.5,1.0,1.0,True,0,64.5,57.0,72.0,189.0,122.0,70.5,2.10564,False,True
202,-12,185,184,185,RIGHT,RIGHT,unknown,0.0,1.0,5,107.5,117.5,2.0,1.0,True,0,59.5,52.0,67.0,189.0,51.5,69.5,2.061124,False,True
202,-12,186,185,186,RIGHT,RIGHT,unknown,0.0,1.0,5,108.5,118.5,1.0,1.0,True,0,60.5,53.0,68.0,189.0,121.0,68.5,2.009428,False,True
202,-12,187,186,187,NOOP,NOOP,unknown,0.0,1.0,5,110.5,119.5,2.0,1.0,True,0,63.5,56.0,71.0,189.0,52.5,67.5,2.043387,False,True
202,-12,188,187,188,RIGHT,RIGHT,unknown,0.0,1.0,5,111.5,120.5,1.0,1.0,True,0,68.5,61.0,76.0,189.0,120.0,66.5,1.987615,False,True
202,-12,189,188,189,LEFT,LEFT,unknown,0.0,1.0,5,113.5,121.5,2.0,1.0,True,0,70.5,63.0,78.0,189.0,53.5,65.5,2.036918,False,True
202,-12,190,189,190,RIGHT,RIGHT,unknown,0.0,1.0,5,114.5,122.5,1.0,1.0,True,0,71.5,64.0,79.0,189.0,119.0,64.5,1.99102,False,True
202,-12,191,190,191,NOOP,NOOP,unknown,0.0,1.0,5,116.5,123.5,2.0,1.0,True,0,69.5,62.0,77.0,189.0,54.5,63.5,2.384392,False,True
202,-12,192,191,192,RIGHT,RIGHT,unknown,0.0,1.0,5,117.5,124.5,1.0,1.0,True,0,71.5,64.0,79.0,189.0,118.0,62.5,2.151096,False,True
202,-12,193,192,193,LEFT,LEFT,unknown,0.0,1.0,5,119.5,125.5,2.0,1.0,True,0,72.5,65.0,80.0,189.0,55.5,61.5,1.964,False,True
202,-12,194,193,194,RIGHT,RIGHT,unknown,0.0,1.0,5,120.5,126.5,1.0,1.0,True,0,72.5,65.0,80.0,189.0,117.0,60.5,2.22059,False,True
202,-12,195,194,195,NOOP,NOOP,unknown,0.0,1.0,5,122.5,127.5,2.0,1.0,True,0,69.5,62.0,77.0,189.0,56.5,59.5,2.238025,False,True
202,-12,196,195,196,RIGHT,RIGHT,unknown,0.0,1.0,5,123.5,128.5,1.0,1.0,True,0,71.5,64.0,79.0,189.0,116.0,58.5,1.954536,False,True
202,-12,197,196,197,NOOP,NOOP,unknown,0.0,1.0,5,125.5,129.5,2.0,1.0,True,0,72.5,65.0,80.0,189.0,57.5,57.5,1.898594,False,True
202,-12,198,197,198,RIGHT,RIGHT,unknown,0.0,1.0,5,126.5,130.5,1.0,1.0,True,0,75.5,68.0,83.0,189.0,115.0,56.5,2.196304,False,True
202,-12,199,198,199,LEFT,LEFT,unknown,0.0,1.0,5,128.5,131.5,2.0,1.0,True,0,77.5,70.0,85.0,189.0,58.5,55.5,1.917662,False,True
202,-12,200,199,200,RIGHT,RIGHT,unknown,0.0,1.0,5,129.5,132.5,1.0,1.0,True,0,80.5,73.0,88.0,189.0,114.0,54.5,1.850102,False,True
202,-12,201,200,201,LEFT,LEFT,unknown,0.0,1.0,5,131.5,133.5,2.0,1.0,True,0,79.5,72.0,87.0,189.0,59.5,53.5,2.203143,False,True
202,-12,202,201,202,RIGHT,RIGHT,unknown,0.0,1.0,5,132.5,134.5,1.0,1.0,True,0,76.5,69.0,84.0,189.0,113.0,52.5,1.950891,False,True
202,-12,203,202,203,NOOP,NOOP,unknown,0.0,1.0,5,134.5,135.5,2.0,1.0,True,0,71.5,64.0,79.0,189.0,60.5,51.5,2.164266,False,True
202,-12,204,203,204,RIGHT,RIGHT,unknown,0.0,1.0,5,135.5,136.5,1.0,1.0,True,0,66.5,59.0,74.0,189.0,112.0,50.5,2.945139,False,True
202,-12,205,204,205,RIGHT,RIGHT,unknown,0.0,1.0,5,137.5,137.5,2.0,1.0,True,0,63.5,56.0,71.0,189.0,61.5,49.5,2.208201,False,True
202,-12,206,205,206,RIGHT,RIGHT,unknown,0.0,1.0,5,138.5,138.5,1.0,1.0,True,0,65.5,58.0,73.0,189.0,111.0,48.5,2.05145,False,True
202,-12,207,206,207,RIGHT,RIGHT,unknown,0.0,1.0,5,140.5,139.5,2.0,1.0,True,0,69.5,62.0,77.0,189.0,62.5,47.5,1.976509,False,True
202,-12,208,207,208,RIGHT,RIGHT,unknown,0.0,1.0,5,141.5,140.5,1.0,1.0,True,0,74.5,67.0,82.0,189.0,110.0,46.5,1.946585,False,True
202,-12,209,208,209,NOOP,NOOP,unknown,0.0,1.0,5,143.5,141.5,2.0,1.0,True,0,78.5,71.0,86.0,189.0,63.5,45.5,2.007866,False,True
202,-12,210,209,210,RIGHT,RIGHT,unknown,0.0,1.0,5,144.5,142.5,1.0,1.0,True,0,83.5,76.0,91.0,189.0,109.0,44.5,2.1261,False,True
202,-12,211,210,211,LEFT,LEFT,unknown,0.0,1.0,5,146.5,143.5,2.0,1.0,True,0,89.5,82.0,97.0,189.0,64.5,43.5,2.237244,False,True
202,-12,212,211,212,RIGHT,RIGHT,unknown,0.0,1.0,5,147.5,144.5,1.0,1.0,True,0,95.5,88.0,103.0,189.0,108.0,42.5,1.902309,False,True
202,-12,213,212,213,LEFT,LEFT,unknown,0.0,1.0,5,149.5,145.5,2.0,1.0,True,0,95.5,88.0,103.0,189.0,65.5,41.5,1.914117,False,True
202,-12,214,213,214,RIGHT,RIGHT,unknown,0.0,1.0,5,150.5,146.5,1.0,1.0,True,0,98.5,91.0,106.0,189.0,107.0,40.5,2.243043,False,True
202,-12,215,214,215,RIGHT,RIGHT,unknown,0.0,1.0,5,146.5,147.5,1.0,1.0,False,1,96.5,89.0,104.0,189.0,112.0,39.5,2.327978,False,True
202,-12,216,215,216,RIGHT,RIGHT,unknown,0.0,1.0,5,150.5,148.5,1.0,1.0,True,0,98.5,91.0,106.0,189.0,109.0,38.5,2.007806,False,True
202,-12,217,216,217,RIGHT,RIGHT,unknown,0.0,1.0,5,149.5,149.5,-1.0,1.0,True,0,102.5,95.0,110.0,189.0,112.0,37.5,2.127552,False,True
202,-12,218,217,218,LEFT,LEFT,unknown,0.0,1.0,5,147.5,150.5,-2.0,1.0,True,0,107.5,100.0,115.0,189.0,74.5,36.5,1.906586,False,True
202,-12,219,218,219,RIGHT,RIGHT,unknown,0.0,1.0,5,146.5,151.5,-1.0,1.0,True,0,113.5,106.0,121.0,189.0,111.0,35.5,1.987235,False,True
202,-12,220,219,220,LEFT,LEFT,unknown,0.0,1.0,5,144.5,152.5,-2.0,1.0,True,0,113.5,106.0,121.0,189.0,75.5,34.5,1.893667,False,True
202,-12,221,220,221,RIGHT,RIGHT,unknown,0.0,1.0,5,143.5,153.5,-1.0,1.0,True,0,116.5,109.0,124.0,189.0,110.0,33.5,2.068365,False,True
202,-12,222,221,222,LEFT,LEFT,unknown,0.0,1.0,5,141.5,154.5,-2.0,1.0,True,0,119.5,112.0,127.0,189.0,76.5,32.5,3.2427,False,True
202,-12,223,222,223,LEFT,LEFT,unknown,0.0,1.0,5,140.5,155.5,-1.0,1.0,True,0,124.5,117.0,132.0,189.0,109.0,31.5,2.329531,False,True
202,-12,224,223,224,LEFT,LEFT,unknown,0.0,1.0,5,138.5,156.5,-2.0,1.0,True,0,123.5,116.0,131.0,189.0,77.5,30.5,1.905904,False,True
202,-12,225,224,225,NOOP,NOOP,unknown,0.0,1.0,5,137.5,157.5,-1.0,1.0,True,0,121.5,114.0,129.0,189.0,108.0,29.5,2.012792,False,True
202,-12,226,225,226,LEFT,LEFT,unknown,0.0,1.0,5,135.5,158.5,-2.0,1.0,True,0,117.5,110.0,125.0,189.0,78.5,28.5,1.874719,False,True
202,-12,227,226,227,NOOP,NOOP,unknown,0.0,1.0,5,134.5,159.5,-1.0,1.0,True,0,115.5,108.0,123.0,189.0,107.0,27.5,2.091579,False,True
202,-12,228,227,228,LEFT,LEFT,unknown,0.0,1.0,5,132.5,160.5,-2.0,1.0,True,0,111.5,104.0,119.0,189.0,79.5,26.5,1.968397,False,True
202,-12,229,228,229,RIGHT,RIGHT,unknown,0.0,1.0,5,131.5,161.5,-1.0,1.0,True,0,109.5,102.0,117.0,189.0,106.0,25.5,2.128824,False,True
202,-12,230,229,230,LEFT,LEFT,unknown,0.0,1.0,5,129.5,162.5,-2.0,1.0,True,0,108.5,101.0,116.0,189.0,80.5,24.5,1.885695,False,True
202,-12,231,230,231,RIGHT,RIGHT,unknown,0.0,1.0,5,128.5,163.5,-1.0,1.0,True,0,110.5,103.0,118.0,189.0,105.0,23.5,1.9366,False,True
202,-12,232,231,232,LEFT,LEFT,unknown,0.0,1.0,5,126.5,164.5,-2.0,1.0,True,0,108.5,101.0,116.0,189.0,81.5,22.5,2.198827,False,True
202,-12,233,232,233,RIGHT,RIGHT,unknown,0.0,1.0,5,125.5,165.5,-1.0,1.0,True,0,104.5,97.0,112.0,189.0,104.0,21.5,2.254119,False,True
202,-12,234,233,234,LEFT,LEFT,unknown,0.0,1.0,5,123.5,166.5,-2.0,1.0,True,0,99.5,92.0,107.0,189.0,82.5,20.5,2.567712,False,True
202,-12,235,234,235,RIGHT,RIGHT,unknown,0.0,1.0,5,122.5,167.5,-1.0,1.0,True,0,100.5,93.0,108.0,189.0,103.0,19.5,2.026844,False,True
202,-12,236,235,236,LEFT,LEFT,unknown,0.0,1.0,5,120.5,168.5,-2.0,1.0,True,0,103.5,96.0,111.0,189.0,83.5,18.5,2.090307,False,True
202,-12,237,236,237,RIGHT,RIGHT,unknown,0.0,1.0,5,119.5,169.5,-1.0,1.0,True,0,108.5,101.0,116.0,189.0,102.0,17.5,2.018992,False,True
202,-12,238,237,238,LEFT,LEFT,unknown,0.0,1.0,5,117.5,170.5,-2.0,1.0,True,0,107.5,100.0,115.0,189.0,84.5,16.5,2.111438,False,True
202,-12,239,238,239,NOOP,NOOP,unknown,0.0,1.0,5,116.5,171.5,-1.0,1.0,True,0,110.5,103.0,118.0,189.0,101.0,15.5,2.256022,False,True
202,-12,240,239,240,LEFT,LEFT,unknown,0.0,1.0,5,114.5,172.5,-2.0,1.0,True,0,114.5,107.0,122.0,189.0,85.5,14.5,1.95677,False,True
202,-12,241,240,241,LEFT,LEFT,unknown,0.0,1.0,5,113.5,173.5,-1.0,1.0,True,0,116.5,109.0,124.0,189.0,100.0,13.5,2.308099,False,True
202,-12,242,241,242,LEFT,LEFT,unknown,0.0,1.0,5,111.5,174.5,-2.0,1.0,True,0,114.5,107.0,122.0,189.0,86.5,12.5,1.900167,False,True
202,-12,243,242,243,NOOP,NOOP,unknown,0.0,1.0,5,110.5,175.5,-1.0,1.0,True,0,110.5,103.0,118.0,189.0,99.0,11.5,2.257444,False,True
202,-12,244,243,244,LEFT,LEFT,unknown,0.0,1.0,5,108.5,176.5,-2.0,1.0,True,0,105.5,98.0,113.0,189.0,87.5,10.5,2.186059,False,True
202,-12,245,244,245,RIGHT,RIGHT,unknown,0.0,1.0,5,107.5,177.5,-1.0,1.0,True,0,103.5,96.0,111.0,189.0,98.0,9.5,2.111339,False,True
202,-12,246,245,246,NOOP,NOOP,unknown,0.0,1.0,5,105.5,178.5,-2.0,1.0,True,0,102.5,95.0,110.0,189.0,88.5,8.5,1.993935,False,True
202,-12,247,246,247,RIGHT,RIGHT,unknown,0.0,1.0,5,104.5,179.5,-1.0,1.0,True,0,104.5,97.0,112.0,189.0,97.0,7.5,1.903521,False,True
202,-12,248,247,248,LEFT,LEFT,unknown,0.0,1.0,5,102.5,180.5,-2.0,1.0,True,0,105.5,98.0,113.0,189.0,89.5,6.5,1.966905,False,True
202,-12,249,248,249,NOOP,NOOP,unknown,0.0,1.0,5,101.5,181.5,-1.0,1.0,True,0,109.5,102.0,117.0,189.0,96.0,5.5,1.887218,False,True
202,-12,250,249,250,LEFT,LEFT,unknown,0.0,1.0,5,99.5,182.5,-2.0,1.0,True,0,114.5,107.0,122.0,189.0,90.5,4.5,2.095886,False,True
202,-12,251,250,251,LEFT,LEFT,unknown,0.0,1.0,5,98.5,183.5,-1.0,1.0,True,0,116.5,109.0,124.0,189.0,95.0,3.5,1.903391,False,True
202,-12,252,251,252,LEFT,LEFT,unknown,0.0,1.0,5,96.5,184.5,-2.0,1.0,True,0,114.5,107.0,122.0,189.0,91.5,2.5,2.061875,False,True
202,-12,253,252,253,LEFT,LEFT,unknown,0.0,1.0,5,95.5,185.5,-1.0,1.0,True,0,110.5,103.0,118.0,189.0,94.0,1.5,2.022747,False,True
202,-12,254,253,254,NOOP,NOOP,unknown,0.0,1.0,5,93.5,186.5,-2.0,1.0,True,0,105.5,98.0,113.0,189.0,92.5,0.5,2.773446,False,True
202,-12,255,254,255,NOOP,NOOP,unknown,0.0,1.0,5,91.5,187.5,-2.0,1.0,False,1,99.70422535211267,92.0,108.0,186.0,,,2.049647,False,True
202,-12,256,255,256,NOOP,NOOP,unknown,0.0,1.0,5,89.5,188.5,-2.0,1.0,False,2,96.72222222222223,90.0,105.0,185.0,,,1.87614,False,True
202,-12,257,256,257,NOOP,NOOP,unknown,0.0,1.0,5,89.5,185.5,-1.3333333333333333,-0.3333333333333333,True,0,96.5,89.0,104.0,189.0,,,2.1801,False,True
202,-12,258,257,258,NOOP,NOOP,unknown,0.0,1.0,5,87.5,184.5,-2.0,-1.0,True,0,95.5,88.0,103.0,189.0,,,2.151778,False,True
202,-12,259,258,259,NOOP,NOOP,unknown,0.0,1.0,5,86.5,183.5,-1.0,-1.0,True,0,95.5,88.0,103.0,189.0,,,2.548283,False,True
202,-12,260,259,260,NOOP,NOOP,unknown,0.0,1.0,5,84.5,182.5,-2.0,-1.0,True,0,95.5,88.0,103.0,189.0,,,2.179129,False,True
202,-12,261,260,261,NOOP,NOOP,unknown,0.0,1.0,5,83.5,181.5,-1.0,-1.0,True,0,95.5,88.0,103.0,189.0,,,2.015347,False,True
202,-12,262,261,262,NOOP,NOOP,unknown,0.0,1.0,5,81.5,180.5,-2.0,-1.0,True,0,95.5,88.0,103.0,189.0,,,2.168752,False,True
202,-12,263,262,263,NOOP,NOOP,unknown,0.0,1.0,5,80.5,179.5,-1.0,-1.0,True,0,95.5,88.0,103.0,189.0,,,2.072911,False,True
202,-12,264,263,264,NOOP,NOOP,unknown,0.0,1.0,5,78.5,178.5,-2.0,-1.0,True,0,95.5,88.0,103.0,189.0,,,2.152829,False,True
202,-12,265,264,265,NOOP,NOOP,unknown,0.0,1.0,5,77.5,177.5,-1.0,-1.0,True,0,95.5,88.0,103.0,189.0,,,1.929891,False,True
202,-12,266,265,266,NOOP,NOOP,unknown,0.0,1.0,5,75.5,176.5,-2.0,-1.0,True,0,95.5,88.0,103.0,189.0,,,1.989097,False,True
202,-12,267,266,267,NOOP,NOOP,unknown,0.0,1.0,5,74.5,175.5,-1.0,-1.0,True,0,95.5,88.0,103.0,189.0,,,2.299025,False,True
202,-12,268,267,268,NOOP,NOOP,unknown,0.0,1.0,5,72.5,174.5,-2.0,-1.0,True,0,95.5,88.0,103.0,189.0,,,1.957281,False,True
202,-12,269,268,269,NOOP,NOOP,unknown,0.0,1.0,5,71.5,173.5,-1.0,-1.0,True,0,95.5,88.0,103.0,189.0,,,2.054354,False,True
202,-12,270,269,270,NOOP,NOOP,unknown,0.0,1.0,5,69.5,172.5,-2.0,-1.0,True,0,95.5,88.0,103.0,189.0,,,1.979043,False,True
202,-12,271,270,271,NOOP,NOOP,unknown,0.0,1.0,5,68.5,171.5,-1.0,-1.0,True,0,95.5,88.0,103.0,189.0,,,2.00405,False,True
202,-12,272,271,272,NOOP,NOOP,unknown,0.0,1.0,5,66.5,170.5,-2.0,-1.0,True,0,95.5,88.0,103.0,189.0,,,2.224335,False,True
202,-12,273,272,273,NOOP,NOOP,unknown,0.0,1.0,5,65.5,169.5,-1.0,-1.0,True,0,95.5,88.0,103.0,189.0,,,2.076537,False,True
202,-12,274,273,274,NOOP,NOOP,unknown,0.0,1.0,5,63.5,168.5,-2.0,-1.0,True,0,95.5,88.0,103.0,189.0,,,2.053222,False,True
202,-12,275,274,275,NOOP,NOOP,unknown,0.0,1.0,5,62.5,167.5,-1.0,-1.0,True,0,95.5,88.0,103.0,189.0,,,1.869862,False,True
202,-12,276,275,276,NOOP,NOOP,unknown,0.0,1.0,5,60.5,166.5,-2.0,-1.0,True,0,95.5,88.0,103.0,189.0,,,1.981116,False,True
202,-12,277,276,277,NOOP,NOOP,unknown,0.0,1.0,5,59.5,165.5,-1.0,-1.0,True,0,95.5,88.0,103.0,189.0,,,2.111999,False,True
202,-12,278,277,278,NOOP,NOOP,unknown,0.0,1.0,5,57.5,164.5,-2.0,-1.0,True,0,95.5,88.0,103.0,189.0,,,2.261661,False,True
202,-12,279,278,279,NOOP,NOOP,unknown,0.0,1.0,5,56.5,163.5,-1.0,-1.0,True,0,95.5,88.0,103.0,189.0,,,2.080903,False,True
202,-12,280,279,280,NOOP,NOOP,unknown,0.0,1.0,5,54.5,162.5,-2.0,-1.0,True,0,95.5,88.0,103.0,189.0,,,2.070157,False,True
202,-12,281,280,281,NOOP,NOOP,unknown,0.0,1.0,5,53.5,161.5,-1.0,-1.0,True,0,95.5,88.0,103.0,189.0,,,2.07871,False,True
202,-12,282,281,282,NOOP,NOOP,unknown,0.0,1.0,5,51.5,160.5,-2.0,-1.0,True,0,95.5,88.0,103.0,189.0,,,2.138979,False,True
202,-12,283,282,283,NOOP,NOOP,unknown,0.0,1.0,5,50.5,159.5,-1.0,-1.0,True,0,95.5,88.0,103.0,189.0,,,2.297703,False,True
202,-12,284,283,284,NOOP,NOOP,unknown,0.0,1.0,5,48.5,158.5,-2.0,-1.0,True,0,95.5,88.0,103.0,189.0,,,2.126851,False,True
202,-12,285,284,285,NOOP,NOOP,unknown,0.0,1.0,5,47.5,157.5,-1.0,-1.0,True,0,95.5,88.0,103.0,189.0,,,2.298245,False,True
202,-12,286,285,286,NOOP,NOOP,unknown,0.0,1.0,5,45.5,156.5,-2.0,-1.0,True,0,95.5,88.0,103.0,189.0,,,2.206409,False,True
202,-12,287,286,287,NOOP,NOOP,unknown,0.0,1.0,5,44.5,155.5,-1.0,-1.0,True,0,95.5,88.0,103.0,189.0,,,2.198898,False,True
202,-12,288,287,288,NOOP,NOOP,unknown,0.0,1.0,5,42.5,154.5,-2.0,-1.0,True,0,95.5,88.0,103.0,189.0,,,2.168583,False,True
202,-12,289,288,289,NOOP,NOOP,unknown,0.0,1.0,5,41.5,153.5,-1.0,-1.0,True,0,95.5,88.0,103.0,189.0,,,1.956009,False,True
202,-12,290,289,290,NOOP,NOOP,unknown,0.0,1.0,5,39.5,152.5,-2.0,-1.0,True,0,95.5,88.0,103.0,189.0,,,2.232647,False,True
202,-12,291,290,291,NOOP,NOOP,unknown,0.0,1.0,5,38.5,151.5,-1.0,-1.0,True,0,95.5,88.0,103.0,189.0,,,1.940235,False,True
202,-12,292,291,292,NOOP,NOOP,unknown,0.0,1.0,5,36.5,150.5,-2.0,-1.0,True,0,95.5,88.0,103.0,189.0,,,1.871554,False,True
202,-12,293,292,293,NOOP,NOOP,unknown,0.0,1.0,5,35.5,149.5,-1.0,-1.0,True,0,95.5,88.0,103.0,189.0,,,1.951411,False,True
202,-12,294,293,294,NOOP,NOOP,unknown,0.0,1.0,5,33.5,148.5,-2.0,-1.0,True,0,95.5,88.0,103.0,189.0,,,1.884453,False,True
202,-12,295,294,295,NOOP,NOOP,unknown,0.0,1.0,5,32.5,147.5,-1.0,-1.0,True,0,95.5,88.0,103.0,189.0,,,1.890361,False,True
202,-12,296,295,296,NOOP,NOOP,unknown,0.0,1.0,5,30.5,146.5,-2.0,-1.0,True,0,95.5,88.0,103.0,189.0,,,1.95686,False,True
202,-12,297,296,297,NOOP,NOOP,unknown,0.0,1.0,5,29.5,145.5,-1.0,-1.0,True,0,95.5,88.0,103.0,189.0,,,1.909279,False,True
202,-12,298,297,298,NOOP,NOOP,unknown,0.0,1.0,5,27.5,144.5,-2.0,-1.0,True,0,95.5,88.0,103.0,189.0,,,2.175142,False,True
202,-12,299,298,299,NOOP,NOOP,unknown,0.0,1.0,5,26.5,143.5,-1.0,-1.0,True,0,95.5,88.0,103.0,189.0,,,2.118709,False,True
202,-12,300,299,300,NOOP,NOOP,unknown,0.0,1.0,5,24.5,142.5,-2.0,-1.0,True,0,95.5,88.0,103.0,189.0,,,1.970169,False,True
202,-12,301,300,301,NOOP,NOOP,unknown,0.0,1.0,5,23.5,141.5,-1.0,-1.0,True,0,95.5,88.0,103.0,189.0,,,2.092731,False,True
202,-12,302,301,302,NOOP,NOOP,unknown,0.0,1.0,5,21.5,140.5,-2.0,-1.0,True,0,95.5,88.0,103.0,189.0,,,2.021225,False,True
202,-12,303,302,303,NOOP,NOOP,unknown,0.0,1.0,5,20.5,139.5,-1.0,-1.0,True,0,95.5,88.0,103.0,189.0,,,2.258545,False,True
202,-12,304,303,304,NOOP,NOOP,unknown,0.0,1.0,5,18.5,138.5,-2.0,-1.0,True,0,95.5,88.0,103.0,189.0,,,1.946124,False,True
202,-12,305,304,305,NOOP,NOOP,unknown,0.0,1.0,5,17.5,137.5,-1.0,-1.0,True,0,95.5,88.0,103.0,189.0,,,1.884974,False,True
202,-12,306,305,306,NOOP,NOOP,unknown,0.0,1.0,5,15.5,136.5,-2.0,-1.0,True,0,95.5,88.0,103.0,189.0,,,1.975468,False,True
202,-12,307,306,307,NOOP,NOOP,unknown,0.0,1.0,5,14.5,135.5,-1.0,-1.0,True,0,95.5,88.0,103.0,189.0,,,1.964471,False,True
202,-12,308,307,308,NOOP,NOOP,unknown,0.0,1.0,5,12.5,134.5,-2.0,-1.0,True,0,95.5,88.0,103.0,189.0,,,2.071059,False,True
202,-12,309,308,309,NOOP,NOOP,unknown,0.0,1.0,5,11.5,133.5,-1.0,-1.0,True,0,95.5,88.0,103.0,189.0,,,1.856542,False,True
202,-12,310,309,310,NOOP,NOOP,unknown,0.0,1.0,5,9.5,132.5,-2.0,-1.0,True,0,95.5,88.0,103.0,189.0,,,1.967025,False,True
202,-12,311,310,311,NOOP,NOOP,unknown,0.0,1.0,5,8.5,131.5,-1.0,-1.0,True,0,95.5,88.0,103.0,189.0,,,1.862341,False,True
202,-12,312,311,312,NOOP,NOOP,unknown,0.0,1.0,5,12.5,130.5,-1.0,-1.0,False,1,95.5,88.0,103.0,189.0,,,2.102065,False,True
202,-12,313,312,313,NOOP,NOOP,unknown,0.0,1.0,5,8.5,129.5,-1.0,-1.0,True,0,95.5,88.0,103.0,189.0,,,1.905694,False,True
202,-12,314,313,314,NOOP,NOOP,unknown,0.0,1.0,5,9.5,128.5,1.0,-1.0,True,0,95.5,88.0,103.0,189.0,,,2.057738,False,True
202,-12,315,314,315,NOOP,NOOP,unknown,0.0,1.0,5,11.5,127.5,2.0,-1.0,True,0,95.5,88.0,103.0,189.0,,,2.02473,False,True
202,-12,316,315,316,NOOP,NOOP,unknown,0.0,1.0,5,12.5,126.5,1.0,-1.0,True,0,95.5,88.0,103.0,189.0,,,2.384852,False,True
202,-12,317,316,317,NOOP,NOOP,unknown,0.0,1.0,5,14.5,125.5,2.0,-1.0,True,0,95.5,88.0,103.0,189.0,,,1.966714,False,True
202,-12,318,317,318,NOOP,NOOP,unknown,0.0,1.0,5,15.5,124.5,1.0,-1.0,True,0,95.5,88.0,103.0,189.0,,,1.972964,False,True
202,-12,319,318,319,NOOP,NOOP,unknown,0.0,1.0,5,17.5,123.5,2.0,-1.0,True,0,95.5,88.0,103.0,189.0,,,1.955628,False,True
202,-12,320,319,320,NOOP,NOOP,unknown,0.0,1.0,5,18.5,122.5,1.0,-1.0,True,0,95.5,88.0,103.0,189.0,,,2.141773,False,True
202,-12,321,320,321,NOOP,NOOP,unknown,0.0,1.0,5,20.5,121.5,2.0,-1.0,True,0,95.5,88.0,103.0,189.0,,,2.093091,False,True
202,-12,322,321,322,NOOP,NOOP,unknown,0.0,1.0,5,21.5,120.5,1.0,-1.0,True,0,95.5,88.0,103.0,189.0,,,2.101443,False,True
202,-12,323,322,323,NOOP,NOOP,unknown,0.0,1.0,5,23.5,119.5,2.0,-1.0,True,0,95.5,88.0,103.0,189.0,,,2.046102,False,True
202,-12,324,323,324,NOOP,NOOP,unknown,0.0,1.0,5,24.5,118.5,1.0,-1.0,True,0,95.5,88.0,103.0,189.0,,,2.204325,False,True
202,-12,325,324,325,NOOP,NOOP,unknown,0.0,1.0,5,26.5,117.5,2.0,-1.0,True,0,95.5,88.0,103.0,189.0,,,2.044289,False,True
202,-12,326,325,326,NOOP,NOOP,unknown,0.0,1.0,5,27.5,116.5,1.0,-1.0,True,0,95.5,88.0,103.0,189.0,,,1.965563,False,True
202,-12,327,326,327,NOOP,NOOP,unknown,0.0,1.0,5,29.5,115.5,2.0,-1.0,True,0,95.5,88.0,103.0,189.0,,,1.922149,False,True
202,-12,328,327,328,NOOP,NOOP,unknown,0.0,1.0,5,30.5,114.5,1.0,-1.0,True,0,95.5,88.0,103.0,189.0,,,2.15358,False,True
202,-12,329,328,329,NOOP,NOOP,unknown,0.0,1.0,5,32.5,113.5,2.0,-1.0,True,0,95.5,88.0,103.0,189.0,,,1.931843,False,True
202,-12,330,329,330,NOOP,NOOP,unknown,0.0,1.0,5,33.5,112.5,1.0,-1.0,True,0,95.5,88.0,103.0,189.0,,,2.211827,False,True
202,-12,331,330,331,NOOP,NOOP,unknown,0.0,1.0,5,35.5,111.5,2.0,-1.0,True,0,95.5,88.0,103.0,189.0,,,2.361067,False,True
202,-12,332,331,332,NOOP,NOOP,unknown,0.0,1.0,5,36.5,110.5,1.0,-1.0,True,0,95.5,88.0,103.0,189.0,,,2.402568,False,True
202,-12,333,332,333,NOOP,NOOP,unknown,0.0,1.0,5,38.5,109.5,2.0,-1.0,True,0,95.5,88.0,103.0,189.0,,,2.249662,False,True
202,-12,334,333,334,NOOP,NOOP,unknown,0.0,1.0,5,39.5,108.5,1.0,-1.0,True,0,95.5,88.0,103.0,189.0,,,2.297333,False,True
202,-12,335,334,335,NOOP,NOOP,unknown,0.0,1.0,5,41.5,107.5,2.0,-1.0,True,0,95.5,88.0,103.0,189.0,,,2.307789,False,True
202,-12,336,335,336,NOOP,NOOP,unknown,0.0,1.0,5,42.5,106.5,1.0,-1.0,True,0,95.5,88.0,103.0,189.0,,,2.163095,False,True
202,-12,337,336,337,NOOP,NOOP,unknown,0.0,1.0,5,44.5,105.5,2.0,-1.0,True,0,95.5,88.0,103.0,189.0,,,2.34313,False,True
202,-12,338,337,338,NOOP,NOOP,unknown,0.0,1.0,5,45.5,104.5,1.0,-1.0,True,0,95.5,88.0,103.0,189.0,,,2.123806,False,True
202,-12,339,338,339,NOOP,NOOP,unknown,0.0,1.0,5,47.5,103.5,2.0,-1.0,True,0,95.5,88.0,103.0,189.0,,,2.164657,False,True
202,-12,340,339,340,NOOP,NOOP,unknown,0.0,1.0,5,48.5,102.5,1.0,-1.0,True,0,95.5,88.0,103.0,189.0,,,2.109145,False,True
202,-12,341,340,341,NOOP,NOOP,unknown,0.0,1.0,5,50.5,101.5,2.0,-1.0,True,0,95.5,88.0,103.0,189.0,,,2.414075,False,True
202,-12,342,341,342,NOOP,NOOP,unknown,0.0,1.0,5,51.5,100.5,1.0,-1.0,True,0,95.5,88.0,103.0,189.0,,,2.522966,False,True
202,-12,343,342,343,NOOP,NOOP,unknown,0.0,1.0,5,53.5,99.5,2.0,-1.0,True,0,95.5,88.0,103.0,189.0,,,2.311283,False,True
202,-12,344,343,344,NOOP,NOOP,unknown,0.0,1.0,5,54.5,98.5,1.0,-1.0,True,0,95.5,88.0,103.0,189.0,,,2.255651,False,True
202,-12,345,344,345,NOOP,NOOP,unknown,0.0,1.0,5,56.5,97.5,2.0,-1.0,True,0,95.5,88.0,103.0,189.0,,,1.928348,False,True
202,-12,346,345,346,NOOP,NOOP,unknown,0.0,1.0,5,57.5,96.5,1.0,-1.0,True,0,95.5,88.0,103.0,189.0,,,2.287047,False,True
202,-12,347,346,347,NOOP,NOOP,unknown,0.0,1.0,5,59.5,95.5,2.0,-1.0,True,0,95.5,88.0,103.0,189.0,,,2.242252,False,True
202,-12,348,347,348,NOOP,NOOP,unknown,1.0,2.0,5,60.5,94.5,1.0,-1.0,True,0,95.5,88.0,103.0,189.0,,,2.500813,False,True
202,-12,349,348,349,LEFT,LEFT,unknown,0.0,2.0,5,62.5,95.5,2.0,1.0,True,0,95.5,88.0,103.0,189.0,52.5,91.5,1.957391,False,True
202,-12,350,349,350,RIGHT,RIGHT,unknown,0.0,2.0,5,63.5,96.5,1.0,1.0,True,0,95.5,88.0,103.0,189.0,144.0,90.5,1.87585,False,True
202,-12,351,350,351,LEFT,LEFT,unknown,0.0,2.0,5,65.5,97.5,2.0,1.0,True,0,92.5,85.0,100.0,189.0,53.5,89.5,1.902309,False,True
202,-12,352,351,352,RIGHT,RIGHT,unknown,0.0,2.0,5,66.5,98.5,1.0,1.0,True,0,87.5,80.0,95.0,189.0,143.0,88.5,1.870142,False,True
202,-12,353,352,353,LEFT,LEFT,unknown,0.0,2.0,5,68.5,99.5,2.0,1.0,True,0,83.5,76.0,91.0,189.0,54.5,87.5,2.331894,False,True
202,-12,354,353,354,RIGHT,RIGHT,unknown,0.0,2.0,5,69.5,100.5,1.0,1.0,True,0,83.5,76.0,91.0,189.0,142.0,86.5,2.078891,False,True
202,-12,355,354,355,LEFT,LEFT,unknown,0.0,2.0,5,71.5,101.5,2.0,1.0,True,0,86.5,79.0,94.0,189.0,55.5,85.5,2.224626,False,True
202,-12,356,355,356,RIGHT,RIGHT,unknown,0.0,2.0,5,72.5,102.5,1.0,1.0,True,0,90.5,83.0,98.0,189.0,141.0,84.5,2.162804,False,True
202,-12,357,356,357,LEFT,LEFT,unknown,0.0,2.0,5,74.5,103.5,2.0,1.0,True,0,89.5,82.0,97.0,189.0,56.5,83.5,2.077058,False,True
202,-12,358,357,358,RIGHT,RIGHT,unknown,0.0,2.0,5,75.5,104.5,1.0,1.0,True,0,92.5,85.0,100.0,189.0,140.0,82.5,1.987425,False,True
202,-12,359,358,359,LEFT,LEFT,unknown,0.0,2.0,5,77.5,105.5,2.0,1.0,True,0,90.5,83.0,98.0,189.0,57.5,81.5,1.893437,False,True
202,-12,360,359,360,RIGHT,RIGHT,unknown,0.0,2.0,5,78.5,106.5,1.0,1.0,True,0,92.5,85.0,100.0,189.0,139.0,80.5,1.992163,False,True
202,-12,361,360,361,LEFT,LEFT,unknown,0.0,2.0,5,80.5,107.5,2.0,1.0,True,0,90.5,83.0,98.0,189.0,58.5,79.5,1.917061,False,True
202,-12,362,361,362,RIGHT,RIGHT,unknown,0.0,2.0,5,81.5,108.5,1.0,1.0,True,0,92.5,85.0,100.0,189.0,138.0,78.5,1.947727,False,True
202,-12,363,362,363,LEFT,LEFT,unknown,0.0,2.0,5,83.5,109.5,2.0,1.0,True,0,90.5,83.0,98.0,189.0,59.5,77.5,1.94351,False,True
202,-12,364,363,364,RIGHT,RIGHT,unknown,0.0,2.0,5,84.5,110.5,1.0,1.0,True,0,86.5,79.0,94.0,189.0,137.0,76.5,1.923811,False,True
202,-12,365,364,365,LEFT,LEFT,unknown,0.0,2.0,5,86.5,111.5,2.0,1.0,True,0,82.5,75.0,90.0,189.0,60.5,75.5,2.086071,False,True
202,-12,366,365,366,RIGHT,RIGHT,unknown,0.0,2.0,5,87.5,112.5,1.0,1.0,True,0,82.5,75.0,90.0,189.0,136.0,74.5,3.104345,False,True
202,-12,367,366,367,LEFT,LEFT,unknown,0.0,2.0,5,89.5,113.5,2.0,1.0,True,0,80.5,73.0,88.0,189.0,61.5,73.5,2.02466,False,True
202,-12,368,367,368,RIGHT,RIGHT,unknown,0.0,2.0,5,90.5,114.5,1.0,1.0,True,0,81.5,74.0,89.0,189.0,135.0,72.5,1.885545,False,True
202,-12,369,368,369,LEFT,LEFT,unknown,0.0,2.0,5,92.5,115.5,2.0,1.0,True,0,80.5,73.0,88.0,189.0,62.5,71.5,2.079651,False,True
202,-12,370,369,370,RIGHT,RIGHT,unknown,0.0,2.0,5,93.5,116.5,1.0,1.0,True,0,81.5,74.0,89.0,189.0,134.0,70.5,2.260188,False,True
202,-12,371,370,371,LEFT,LEFT,unknown,0.0,2.0,5,95.5,117.5,2.0,1.0,True,0,80.5,73.0,88.0,189.0,63.5,69.5,2.013975,False,True
202,-12,372,371,372,RIGHT,RIGHT,unknown,0.0,2.0,5,96.5,118.5,1.0,1.0,True,0,76.5,69.0,84.0,189.0,133.0,68.5,2.245386,False,True
202,-12,373,372,373,RIGHT,RIGHT,unknown,0.0,2.0,5,98.5,119.5,2.0,1.0,True,0,71.5,64.0,79.0,189.0,64.5,67.5,2.112891,False,True
202,-12,374,373,374,RIGHT,RIGHT,unknown,0.0,2.0,5,99.5,120.5,1.0,1.0,True,0,72.5,65.0,80.0,189.0,132.0,66.5,2.088244,False,True
202,-12,375,374,375,NOOP,NOOP,unknown,0.0,2.0,5,101.5,121.5,2.0,1.0,True,0,75.5,68.0,83.0,189.0,65.5,65.5,2.079571,False,True
202,-12,376,375,376,RIGHT,RIGHT,unknown,0.0,2.0,5,102.5,122.5,1.0,1.0,True,0,79.5,72.0,87.0,189.0,131.0,64.5,2.026553,False,True
202,-12,377,376,377,NOOP,NOOP,unknown,0.0,2.0,5,104.5,123.5,2.0,1.0,True,0,81.5,74.0,89.0,189.0,66.5,63.5,1.910151,False,True
202,-12,378,377,378,RIGHT,RIGHT,unknown,0.0,2.0,5,105.5,124.5,1.0,1.0,True,0,85.5,78.0,93.0,189.0,130.0,62.5,2.210305,False,True
202,-12,379,378,379,LEFT,LEFT,unknown,0.0,2.0,5,107.5,125.5,2.0,1.0,True,0,90.5,83.0,98.0,189.0,67.5,61.5,2.008927,False,True
202,-12,380,379,380,RIGHT,RIGHT,unknown,0.0,2.0,5,108.5,126.5,1.0,1.0,True,0,95.5,88.0,103.0,189.0,129.0,60.5,2.13934,False,True
202,-12,381,380,381,LEFT,LEFT,unknown,0.0,2.0,5,110.5,127.5,2.0,1.0,True,0,101.5,94.0,109.0,189.0,68.5,59.5,2.060753,False,True
202,-12,382,381,382,RIGHT,RIGHT,unknown,0.0,2.0,5,111.5,128.5,1.0,1.0,True,0,107.5,100.0,115.0,189.0,128.0,58.5,1.972523,False,True
202,-12,383,382,383,LEFT,LEFT,unknown,0.0,2.0,5,113.5,129.5,2.0,1.0,True,0,107.5,100.0,115.0,189.0,69.5,57.5,2.10634,False,True
202,-12,384,383,384,RIGHT,RIGHT,unknown,0.0,2.0,5,114.5,130.5,1.0,1.0,True,0,110.5,103.0,118.0,189.0,127.0,56.5,1.898894,False,True
202,-12,385,384,385,LEFT,LEFT,unknown,0.0,2.0,5,116.5,131.5,2.0,1.0,True,0,114.5,107.0,122.0,189.0,70.5,55.5,2.393405,False,True
202,-12,386,385,386,RIGHT,RIGHT,unknown,0.0,2.0,5,117.5,132.5,1.0,1.0,True,0,118.5,111.0,126.0,189.0,126.0,54.5,2.302611,False,True
202,-12,387,386,387,LEFT,LEFT,unknown,0.0,2.0,5,119.5,133.5,2.0,1.0,True,0,118.5,111.0,126.0,189.0,71.5,53.5,1.899635,False,True
202,-12,388,387,388,RIGHT,RIGHT,unknown,0.0,2.0,5,120.5,134.5,1.0,1.0,True,0,120.5,113.0,128.0,189.0,125.0,52.5,2.28824,False,True
202,-12,389,388,389,LEFT,LEFT,unknown,0.0,2.0,5,122.5,135.5,2.0,1.0,True,0,119.5,112.0,127.0,189.0,72.5,51.5,2.151167,False,True
202,-12,390,389,390,RIGHT,RIGHT,unknown,0.0,2.0,5,123.5,136.5,1.0,1.0,True,0,121.5,114.0,129.0,189.0,124.0,50.5,4.045775,False,True
202,-12,391,390,391,LEFT,LEFT,unknown,0.0,2.0,5,125.5,137.5,2.0,1.0,True,0,125.5,118.0,133.0,189.0,73.5,49.5,4.386277,False,True
202,-12,392,391,392,RIGHT,RIGHT,unknown,0.0,2.0,5,126.5,138.5,1.0,1.0,True,0,130.5,123.0,138.0,189.0,123.0,48.5,2.536115,False,True
202,-12,393,392,393,LEFT,LEFT,unknown,0.0,2.0,5,128.5,139.5,2.0,1.0,True,0,135.5,128.0,143.0,189.0,74.5,47.5,2.420865,False,True
202,-12,394,393,394,LEFT,LEFT,unknown,0.0,2.0,5,129.5,140.5,1.0,1.0,True,0,141.5,134.0,149.0,189.0,122.0,46.5,2.163475,False,True
202,-12,395,394,395,LEFT,LEFT,unknown,0.0,2.0,5,131.5,141.5,2.0,1.0,True,0,141.5,134.0,149.0,189.0,75.5,45.5,2.281469,False,True
202,-12,396,395,396,LEFT,LEFT,unknown,0.0,2.0,5,132.5,142.5,1.0,1.0,True,0,138.5,131.0,146.0,189.0,121.0,44.5,2.24161,False,True
202,-12,397,396,397,LEFT,LEFT,unknown,0.0,2.0,5,134.5,143.5,2.0,1.0,True,0,133.5,126.0,141.0,189.0,76.5,43.5,2.032572,False,True
202,-12,398,397,398,NOOP,NOOP,unknown,0.0,2.0,5,135.5,144.5,1.0,1.0,True,0,128.5,121.0,136.0,189.0,120.0,42.5,1.969919,False,True
202,-12,399,398,399,LEFT,LEFT,unknown,0.0,2.0,5,137.5,145.5,2.0,1.0,True,0,123.5,116.0,131.0,189.0,77.5,41.5,2.002948,False,True
202,-12,400,399,400,RIGHT,RIGHT,unknown,0.0,2.0,5,138.5,146.5,1.0,1.0,True,0,121.5,114.0,129.0,189.0,119.0,40.5,1.957,False,True
202,-12,401,400,401,LEFT,LEFT,unknown,0.0,2.0,5,140.5,147.5,2.0,1.0,True,0,117.5,110.0,125.0,189.0,78.5,39.5,2.000785,False,True
202,-12,402,401,402,RIGHT,RIGHT,unknown,0.0,2.0,5,141.5,148.5,1.0,1.0,True,0,118.5,111.0,126.0,189.0,118.0,38.5,2.218957,False,True
202,-12,403,402,403,LEFT,LEFT,unknown,0.0,2.0,5,143.5,149.5,2.0,1.0,True,0,120.5,113.0,128.0,189.0,79.5,37.5,2.306396,False,True
202,-12,404,403,404,RIGHT,RIGHT,unknown,0.0,2.0,5,144.5,150.5,1.0,1.0,True,0,124.5,117.0,132.0,189.0,117.0,36.5,2.081814,False,True
202,-12,405,404,405,LEFT,LEFT,unknown,0.0,2.0,5,146.5,151.5,2.0,1.0,True,0,123.5,116.0,131.0,189.0,80.5,35.5,3.594118,False,True
202,-12,406,405,406,NOOP,NOOP,unknown,0.0,2.0,5,147.5,152.5,1.0,1.0,True,0,126.5,119.0,134.0,189.0,116.0,34.5,3.254226,False,True
202,-12,407,406,407,LEFT,LEFT,unknown,0.0,2.0,5,149.5,153.5,2.0,1.0,True,0,124.5,117.0,132.0,189.0,81.5,33.5,2.124397,False,True
202,-12,408,407,408,NOOP,NOOP,unknown,0.0,2.0,5,150.5,154.5,1.0,1.0,True,0,123.5,116.0,131.0,189.0,115.0,32.5,2.043188,False,True
202,-12,409,408,409,RIGHT,RIGHT,unknown,0.0,2.0,5,146.5,155.5,1.0,1.0,False,1,121.5,114.0,129.0,189.0,120.0,31.5,2.18017,False,True
202,-12,410,409,410,RIGHT,RIGHT,unknown,0.0,2.0,5,150.5,156.5,1.0,1.0,True,0,120.5,113.0,128.0,189.0,117.0,30.5,2.328038,False,True
202,-12,411,410,411,RIGHT,RIGHT,unknown,0.0,2.0,5,149.5,157.5,-1.0,1.0,True,0,119.5,112.0,127.0,189.0,120.0,29.5,1.973434,False,True
202,-12,412,411,412,LEFT,LEFT,unknown,0.0,2.0,5,147.5,158.5,-2.0,1.0,True,0,121.5,114.0,129.0,189.0,90.5,28.5,1.981877,False,True
202,-12,413,412,413,RIGHT,RIGHT,unknown,0.0,2.0,5,146.5,159.5,-1.0,1.0,True,0,125.5,118.0,133.0,189.0,119.0,27.5,2.214171,False,True
202,-12,414,413,414,LEFT,LEFT,unknown,0.0,2.0,5,144.5,160.5,-2.0,1.0,True,0,124.5,117.0,132.0,189.0,91.5,26.5,2.16024,False,True
202,-12,415,414,415,NOOP,NOOP,unknown,0.0,2.0,5,143.5,161.5,-1.0,1.0,True,0,126.5,119.0,134.0,189.0,118.0,25.5,2.279116,False,True
202,-12,416,415,416,LEFT,LEFT,unknown,0.0,2.0,5,141.5,162.5,-2.0,1.0,True,0,124.5,117.0,132.0,189.0,92.5,24.5,1.994836,False,True
202,-12,417,416,417,RIGHT,RIGHT,unknown,0.0,2.0,5,140.5,163.5,-1.0,1.0,True,0,123.5,116.0,131.0,189.0,117.0,23.5,2.009268,False,True
202,-12,418,417,418,LEFT,LEFT,unknown,0.0,2.0,5,138.5,164.5,-2.0,1.0,True,0,121.5,114.0,129.0,189.0,93.5,22.5,1.969229,False,True
202,-12,419,418,419,RIGHT,RIGHT,unknown,0.0,2.0,5,137.5,165.5,-1.0,1.0,True,0,122.5,115.0,130.0,189.0,116.0,21.5,2.33617,False,True
202,-12,420,419,420,LEFT,LEFT,unknown,0.0,2.0,5,135.5,166.5,-2.0,1.0,True,0,120.5,113.0,128.0,189.0,94.5,20.5,2.45819,False,True
202,-12,421,420,421,RIGHT,RIGHT,unknown,0.0,2.0,5,134.5,167.5,-1.0,1.0,True,0,121.5,114.0,129.0,189.0,115.0,19.5,2.207009,False,True
202,-12,422,421,422,LEFT,LEFT,unknown,0.0,2.0,5,132.5,168.5,-2.0,1.0,True,0,120.5,113.0,128.0,189.0,95.5,18.5,2.180641,False,True
202,-12,423,422,423,RIGHT,RIGHT,unknown,0.0,2.0,5,131.5,169.5,-1.0,1.0,True,0,121.5,114.0,129.0,189.0,114.0,17.5,2.330091,False,True
202,-12,424,423,424,LEFT,LEFT,unknown,0.0,2.0,5,129.5,170.5,-2.0,1.0,True,0,120.5,113.0,128.0,189.0,96.5,16.5,2.16706,False,True
202,-12,425,424,425,NOOP,NOOP,unknown,0.0,2.0,5,128.5,171.5,-1.0,1.0,True,0,121.5,114.0,129.0,189.0,113.0,15.5,2.602704,False,True
202,-12,426,425,426,LEFT,LEFT,unknown,0.0,2.0,5,126.5,172.5,-2.0,1.0,True,0,125.5,118.0,133.0,189.0,97.5,14.5,2.146409,False,True
202,-12,427,426,427,LEFT,LEFT,unknown,0.0,2.0,5,125.5,173.5,-1.0,1.0,True,0,127.5,120.0,135.0,189.0,112.0,13.5,1.996638,False,True
202,-12,428,427,428,LEFT,LEFT,unknown,0.0,2.0,5,123.5,174.5,-2.0,1.0,True,0,128.5,121.0,136.0,189.0,98.5,12.5,1.982508,False,True
202,-12,429,428,429,LEFT,LEFT,unknown,0.0,2.0,5,122.5,175.5,-1.0,1.0,True,0,125.5,118.0,133.0,189.0,111.0,11.5,1.980906,False,True
202,-12,430,429,430,LEFT,LEFT,unknown,0.0,2.0,5,120.5,176.5,-2.0,1.0,True,0,122.5,115.0,130.0,189.0,99.5,10.5,1.986424,False,True
202,-12,431,430,431,RIGHT,RIGHT,unknown,0.0,2.0,5,119.5,177.5,-1.0,1.0,True,0,117.5,110.0,125.0,189.0,110.0,9.5,2.181301,False,True
202,-12,432,431,432,NOOP,NOOP,unknown,0.0,2.0,5,117.5,178.5,-2.0,1.0,True,0,112.5,105.0,120.0,189.0,100.5,8.5,2.258486,False,True
202,-12,433,432,433,RIGHT,RIGHT,unknown,0.0,2.0,5,116.5,179.5,-1.0,1.0,True,0,106.5,99.0,114.0,189.0,109.0,7.5,2.173391,False,True
202,-12,434,433,434,RIGHT,RIGHT,unknown,0.0,2.0,5,114.5,180.5,-2.0,1.0,True,0,100.5,93.0,108.0,189.0,101.5,6.5,2.149745,False,True
202,-12,435,434,435,RIGHT,RIGHT,unknown,0.0,2.0,5,113.5,181.5,-1.0,1.0,True,0,94.5,87.0,102.0,189.0,108.0,5.5,2.384812,False,True
202,-12,436,435,436,RIGHT,RIGHT,unknown,0.0,2.0,5,111.5,182.5,-2.0,1.0,True,0,94.5,87.0,102.0,189.0,102.5,4.5,2.414036,False,True
202,-12,437,436,437,RIGHT,RIGHT,unknown,0.0,2.0,5,110.5,183.5,-1.0,1.0,True,0,97.5,90.0,105.0,189.0,107.0,3.5,2.828448,False,True
202,-12,438,437,438,RIGHT,RIGHT,unknown,0.0,2.0,5,108.5,184.5,-2.0,1.0,True,0,102.5,95.0,110.0,189.0,103.5,2.5,2.07212,False,True
202,-12,439,438,439,RIGHT,RIGHT,unknown,0.0,2.0,5,107.5,185.5,-1.0,1.0,True,0,107.5,100.0,115.0,189.0,106.0,1.5,1.966504,False,True
202,-12,440,439,440,NOOP,NOOP,unknown,0.0,2.0,5,106.5,186.5,-1.0,1.0,False,1,112.61111111111111,105.0,121.0,185.0,,,2.059832,False,True
202,-12,441,440,441,NOOP,NOOP,unknown,0.0,2.0,5,105.5,187.5,-1.0,1.0,False,2,118.5,111.0,126.0,189.0,,,2.094484,False,True
202,-12,442,441,442,NOOP,NOOP,unknown,0.0,2.0,5,104.5,188.5,-1.0,1.0,False,3,120.5,113.0,128.0,189.0,,,2.317924,False,True
202,-12,443,442,443,NOOP,NOOP,unknown,0.0,2.0,5,103.5,189.5,-1.0,1.0,False,4,121.5,114.0,129.0,189.0,,,1.978452,False,True
202,-12,444,443,444,NOOP,NOOP,unknown,0.0,2.0,5,,,,,False,5,122.5,115.0,130.0,189.0,,,2.278005,False,True
202,-12,445,444,445,NOOP,NOOP,unknown,0.0,2.0,5,,,,,False,6,122.5,115.0,130.0,189.0,,,2.074674,False,True
202,-12,446,445,446,NOOP,NOOP,unknown,0.0,2.0,5,,,,,False,7,122.5,115.0,130.0,189.0,,,2.059482,False,True
202,-12,447,446,447,NOOP,NOOP,unknown,0.0,2.0,5,,,,,False,8,122.5,115.0,130.0,189.0,,,2.165929,False,True
202,-12,448,447,448,NOOP,NOOP,unknown,0.0,2.0,5,,,,,False,9,122.5,115.0,130.0,189.0,,,2.279197,False,True
202,-12,449,448,449,NOOP,NOOP,unknown,0.0,2.0,5,,,,,False,10,122.5,115.0,130.0,189.0,,,2.115664,False,True
202,-12,450,449,450,NOOP,NOOP,unknown,0.0,2.0,5,,,,,False,11,122.5,115.0,130.0,189.0,,,1.941097,False,True
202,-12,451,450,451,NOOP,NOOP,unknown,0.0,2.0,5,,,,,False,12,122.5,115.0,130.0,189.0,,,2.151267,False,True
202,-12,452,451,452,NOOP,NOOP,unknown,0.0,2.0,5,,,,,False,13,122.5,115.0,130.0,189.0,,,2.329972,False,True
202,-12,453,452,453,NOOP,NOOP,unknown,0.0,2.0,5,,,,,False,14,122.5,115.0,130.0,189.0,,,1.864084,False,True
202,-12,454,453,454,NOOP,NOOP,unknown,0.0,2.0,5,,,,,False,15,122.5,115.0,130.0,189.0,,,1.864524,False,True
202,-12,455,454,455,NOOP,NOOP,unknown,0.0,2.0,5,,,,,False,16,122.5,115.0,130.0,189.0,,,2.098099,False,True
202,-12,456,455,456,NOOP,NOOP,unknown,0.0,2.0,5,,,,,False,17,122.5,115.0,130.0,189.0,,,1.771767,False,True
202,-12,457,456,457,NOOP,NOOP,unknown,0.0,2.0,5,,,,,False,18,122.5,115.0,130.0,189.0,,,2.137667,False,True
202,-12,458,457,458,NOOP,NOOP,unknown,0.0,2.0,5,,,,,False,19,122.5,115.0,130.0,189.0,,,2.021406,False,True
202,-12,459,458,459,NOOP,NOOP,unknown,0.0,2.0,5,,,,,False,20,122.5,115.0,130.0,189.0,,,1.844645,False,True
202,-12,460,459,460,NOOP,NOOP,unknown,0.0,2.0,5,,,,,False,21,122.5,115.0,130.0,189.0,,,1.814661,False,True
202,-12,461,460,461,NOOP,NOOP,unknown,0.0,2.0,5,,,,,False,22,122.5,115.0,130.0,189.0,,,1.747081,False,True
202,-12,462,461,462,NOOP,NOOP,unknown,0.0,2.0,5,,,,,False,23,122.5,115.0,130.0,189.0,,,1.802663,False,True
202,-12,463,462,463,NOOP,NOOP,unknown,0.0,2.0,5,,,,,False,24,122.5,115.0,130.0,189.0,,,2.269868,False,True
202,-12,464,463,464,NOOP,NOOP,unknown,0.0,2.0,5,,,,,False,25,122.5,115.0,130.0,189.0,,,2.086332,False,True
202,-12,465,464,465,NOOP,NOOP,unknown,0.0,2.0,5,,,,,False,26,122.5,115.0,130.0,189.0,,,1.880307,False,True
202,-12,466,465,466,NOOP,NOOP,unknown,0.0,2.0,5,,,,,False,27,122.5,115.0,130.0,189.0,,,1.821731,False,True
202,-12,467,466,467,NOOP,NOOP,unknown,0.0,2.0,5,,,,,False,28,122.5,115.0,130.0,189.0,,,2.069297,False,True
202,-12,468,467,468,NOOP,NOOP,unknown,0.0,2.0,5,,,,,False,29,122.5,115.0,130.0,189.0,,,1.913286,False,True
202,-12,469,468,469,NOOP,NOOP,unknown,0.0,2.0,5,,,,,False,30,122.5,115.0,130.0,189.0,,,2.001978,False,True
202,-12,470,469,470,NOOP,NOOP,unknown,0.0,2.0,5,,,,,False,31,122.5,115.0,130.0,189.0,,,1.944533,False,True
202,-12,471,470,471,NOOP,NOOP,unknown,0.0,2.0,5,,,,,False,32,122.5,115.0,130.0,189.0,,,1.935689,False,True
202,-12,472,471,472,NOOP,NOOP,unknown,0.0,2.0,4,,,,,False,33,122.5,115.0,130.0,189.0,,,2.150977,False,True
